{"cameraMode":{"drawMode":0,"name":"Shaded","section":"Shading Mode"},"sceneLighting":false,"audioPlay":false,"sceneViewState":{"showFog":true,"showMaterialUpdate":false,"showSkybox":false,"showFlares":true,"showImageEffects":true,"showParticleSystems":true},"in2DMode":false,"pivot":{"x":-2.9802322387695315e-8,"y":0.18307429552078248,"z":0.0},"rotation":{"x":0.013406097888946534,"y":0.9383172988891602,"z":-0.343576580286026,"w":0.03661322593688965},"size":0.3291350305080414,"orthographic":false}