{"cameraMode":{"drawMode":0,"name":"Shaded","section":"Shading Mode"},"sceneLighting":false,"audioPlay":false,"sceneViewState":{"showFog":true,"showMaterialUpdate":false,"showSkybox":false,"showFlares":true,"showImageEffects":true,"showParticleSystems":true},"in2DMode":false,"pivot":{"x":192.1840057373047,"y":0.0,"z":128.68099975585938},"rotation":{"x":-0.19513621926307679,"y":0.6531842350959778,"z":-0.17971916496753694,"w":-0.7092124223709106},"size":0.8660253882408142,"orthographic":false}