{"cameraMode":{"drawMode":0,"name":"Shaded","section":"Shading Mode"},"sceneLighting":false,"audioPlay":false,"sceneViewState":{"showFog":true,"showMaterialUpdate":false,"showSkybox":false,"showFlares":true,"showImageEffects":true,"showParticleSystems":true},"in2DMode":false,"pivot":{"x":0.06391365826129914,"y":0.11670947074890137,"z":0.22234785556793214},"rotation":{"x":0.013406097888946534,"y":0.9383172988891602,"z":-0.343576580286026,"w":0.03661322593688965},"size":1.14363431930542,"orthographic":false}